,island,species,min,mean,max
0,Biscoe,Adelie,34.5,38.975,45.6
1,Biscoe,Gentoo,40.9,47.50487804878049,59.6
2,Dream,Adelie,32.1,38.50178571428571,44.1
3,Dream,Chinstrap,40.9,48.83382352941176,58.0
4,Torgersen,Adelie,33.5,38.950980392156865,46.0
